{
    "party1": {
        "colour": [0.345098, 0.239216, 0.741176]    
    },
    "party2": {
        "colour": [0.407843, 0.501961, 0.086275]    
    },
    "party3": {
        "colour": [0.160784, 0.470588, 0.164706]    
    },
    "party4": {
        "colour": [0.725490, 0.572549, 0.647059]    
    },
    "partypet1": {
        "colour": [0.486275, 0.176471, 1.000000]    
    },
    "partypet2": {
        "colour": [0.031373, 0.572549, 0.152941]    
    },
    "partypet3": {
        "colour": [0.874510, 0.239216, 0.239216]    
    },
    "partypet4": {
        "colour": [0.117647, 0.870588, 0.635294]    
    },
    "raid1": {
        "colour": [0.192157, 0.878431, 0.015686]    
    },
    "raid2": {
        "colour": [0.780392, 0.788235, 0.745098]    
    },
    "raid3": {
        "colour": [0.498039, 0.184314, 0.521569]    
    },
    "raid4": {
        "colour": [0.627451, 0.905882, 0.882353]    
    },
    "raid5": {
        "colour": [0.145098, 0.658824, 0.121569]    
    },
    "raid6": {
        "colour": [0.639216, 0.490196, 0.921569]    
    },
    "raid7": {
        "colour": [0.172549, 0.368627, 0.427451]    
    },
    "raid8": {
        "colour": [0.949020, 0.333333, 0.980392]    
    },
    "raid9": {
        "colour": [0.109804, 0.388235, 0.980392]    
    },
    "raid10": {
        "colour": [0.615686, 0.694118, 0.435294]    
    },
    "raid11": {
        "colour": [0.066667, 0.243137, 0.572549]    
    },
    "raid12": {
        "colour": [0.113725, 0.129412, 1.000000]    
    },
    "raid13": {
        "colour": [0.592157, 0.023529, 0.235294]    
    },
    "raid14": {
        "colour": [0.545098, 0.439216, 1.000000]    
    },
    "raid15": {
        "colour": [0.890196, 0.800000, 0.854902]    
    },
    "raid16": {
        "colour": [0.513725, 0.854902, 0.639216]    
    },
    "raid17": {
        "colour": [0.078431, 0.541176, 0.815686]    
    },
    "raid18": {
        "colour": [0.109804, 0.184314, 0.666667]    
    },
    "raid19": {
        "colour": [0.650980, 0.572549, 0.098039]    
    },
    "raid20": {
        "colour": [0.541176, 0.466667, 0.027451]    
    },
    "raid21": {
        "colour": [0.000000, 0.988235, 0.462745]    
    },
    "raid22": {
        "colour": [0.211765, 0.443137, 0.858824]    
    },
    "raid23": {
        "colour": [0.949020, 0.949020, 0.576471]    
    },
    "raid24": {
        "colour": [0.972549, 0.800000, 0.682353]    
    },
    "raid25": {
        "colour": [0.031373, 0.619608, 0.596078]    
    },
    "raid26": {
        "colour": [0.670588, 0.925490, 0.513725]    
    },
    "raid27": {
        "colour": [0.647059, 0.945098, 0.031373]    
    },
    "raid28": {
        "colour": [0.058824, 0.490196, 0.054902]    
    },
    "raid29": {
        "colour": [0.050980, 0.992157, 0.239216]    
    },
    "raid30": {
        "colour": [0.949020, 0.721569, 0.388235]    
    },
    "raid31": {
        "colour": [0.254902, 0.749020, 0.627451]    
    },
    "raid32": {
        "colour": [0.470588, 0.454902, 0.603922]    
    },
    "raid33": {
        "colour": [0.384314, 0.062745, 0.266667]    
    },
    "raid34": {
        "colour": [0.639216, 0.168627, 0.447059]    
    },
    "raid35": {
        "colour": [0.874510, 0.058824, 0.400000]    
    },
    "raid36": {
        "colour": [0.925490, 0.070588, 0.713725]    
    },
    "raid37": {
        "colour": [0.098039, 0.803922, 0.905882]    
    },
    "raid38": {
        "colour": [0.243137, 0.015686, 0.325490]    
    },
    "raid39": {
        "colour": [0.847059, 0.376471, 0.921569]    
    },
    "raid40": {
        "colour": [0.341176, 0.533333, 0.231373]    
    },
    "raidpet1": {
        "colour": [0.458824, 0.945098, 0.784314]    
    },
    "raidpet2": {
        "colour": [0.239216, 0.654902, 0.278431]    
    },
    "raidpet3": {
        "colour": [0.537255, 0.066667, 0.905882]    
    },
    "raidpet4": {
        "colour": [0.333333, 0.415686, 0.627451]    
    },
    "raidpet5": {
        "colour": [0.576471, 0.811765, 0.011765]    
    },
    "raidpet6": {
        "colour": [0.517647, 0.164706, 0.627451]    
    },
    "raidpet7": {
        "colour": [0.439216, 0.074510, 0.941176]    
    },
    "raidpet8": {
        "colour": [0.984314, 0.854902, 0.376471]    
    },
    "raidpet9": {
        "colour": [0.082353, 0.286275, 0.890196]    
    },
    "raidpet10": {
        "colour": [0.058824, 0.003922, 0.964706]    
    },
    "raidpet11": {
        "colour": [0.956863, 0.509804, 0.949020]    
    },
    "raidpet12": {
        "colour": [0.474510, 0.858824, 0.031373]    
    },
    "raidpet13": {
        "colour": [0.509804, 0.882353, 0.423529]    
    },
    "raidpet14": {
        "colour": [0.337255, 0.647059, 0.427451]    
    },
    "raidpet15": {
        "colour": [0.611765, 0.525490, 0.352941]    
    },
    "raidpet16": {
        "colour": [0.921569, 0.129412, 0.913725]    
    },
    "raidpet17": {
        "colour": [0.117647, 0.933333, 0.862745]    
    },
    "raidpet18": {
        "colour": [0.733333, 0.015686, 0.937255]    
    },
    "raidpet19": {
        "colour": [0.819608, 0.392157, 0.686275]    
    },
    "raidpet20": {
        "colour": [0.823529, 0.976471, 0.541176]    
    },
    "raidpet21": {
        "colour": [0.043137, 0.305882, 0.800000]    
    },
    "raidpet22": {
        "colour": [0.737255, 0.270588, 0.760784]    
    },
    "raidpet23": {
        "colour": [0.807843, 0.368627, 0.058824]    
    },
    "raidpet24": {
        "colour": [0.364706, 0.078431, 0.078431]    
    },
    "raidpet25": {
        "colour": [0.094118, 0.901961, 1.000000]    
    },
    "raidpet26": {
        "colour": [0.772549, 0.690196, 0.047059]    
    },
    "raidpet27": {
        "colour": [0.415686, 0.784314, 0.854902]    
    },
    "raidpet28": {
        "colour": [0.470588, 0.733333, 0.047059]    
    },
    "raidpet29": {
        "colour": [0.619608, 0.086275, 0.572549]    
    },
    "raidpet30": {
        "colour": [0.517647, 0.352941, 0.678431]    
    },
    "raidpet31": {
        "colour": [0.003922, 0.149020, 0.694118]    
    },
    "raidpet32": {
        "colour": [0.454902, 0.619608, 0.831373]    
    },
    "raidpet33": {
        "colour": [0.674510, 0.741176, 0.050980]    
    },
    "raidpet34": {
        "colour": [0.560784, 0.713725, 0.784314]    
    },
    "raidpet35": {
        "colour": [0.400000, 0.721569, 0.737255]    
    },
    "raidpet36": {
        "colour": [0.094118, 0.274510, 0.392157]    
    },
    "raidpet37": {
        "colour": [0.298039, 0.498039, 0.462745]    
    },
    "raidpet38": {
        "colour": [0.125490, 0.196078, 0.027451]    
    },
    "raidpet39": {
        "colour": [0.937255, 0.564706, 0.368627]    
    },
    "raidpet40": {
        "colour": [0.929412, 0.592157, 0.501961]    
    },
    "player": {
        "colour": [0.788235, 0.470588, 0.858824]    
    },
    "focus": {
        "colour": [0.615686, 0.227451, 0.988235]    
    }
}